Symbol,Name,Last,Change,%Chg,High,Low,Volume,Time
A,"Agilent Technologies",89.03,-1.1,-1.22%,90.12,88.66,513302,"13:49 ET"
AAL,"American Airlines Gp",27.75,0.43,+1.57%,27.92,26.04,13671774,"13:51 ET"
AAP,"Advance Auto Parts Inc",149.44,1.79,+1.21%,149.76,145.97,768274,"13:51 ET"
AAPL,"Apple Inc",318.79,1.09,+0.34%,318.88,315.65,13295865,"13:51 ET"
ABBV,"Abbvie Inc",85.23,-1.98,-2.27%,87.15,85.05,5731566,"13:51 ET"
ABC,"Amerisourcebergen Corp",91.5,-0.53,-0.58%,92.28,90.64,475451,"13:51 ET"
ABMD,"Abiomed Inc",183.47,-0.94999999999999,-0.52%,184.24,181.33,266742,"13:51 ET"
ABT,"Abbott Laboratories",90.62,-1.24,-1.35%,91.89,90.27,2579922,"13:51 ET"
ACN,"Accenture Plc",210.37,0.96000000000001,+0.46%,210.38,208.87,1251623,"13:51 ET"
ADBE,"Adobe Systems Inc",350.52,0.45999999999998,+0.13%,352.08,347.85,847968,"13:51 ET"
ADI,"Analog Devices",120.71,0.28999999999999,+0.24%,121.07,118.85,1059935,"13:50 ET"
ADM,"Archer Daniels Midland",44.89,-0.039999999999999,-0.09%,44.9,44.51,547522,"13:50 ET"
ADP,"Automatic Data Procs",177.63,-0.70000000000002,-0.39%,178.46,177.01,372306,"13:51 ET"
ADS,"Alliance Data Systems Corp",111.14,-0.48,-0.43%,111.44,108.23,304608,"13:50 ET"
ADSK,"Autodesk Inc",196.34,1.61,+0.83%,197.1,193.76,584377,"13:51 ET"
AEE,"Ameren Corp",80.02,0.11,+0.14%,80.34,79.69,470146,"13:51 ET"
AEP,"American Electric Power Company",100.52,0.52,+0.52%,100.72,100.01,887642,"13:51 ET"
AES,"The Aes Corp",20.42,0.020000000000003,+0.10%,20.52,20.31,1314742,"13:51 ET"
AFL,"Aflac Incorporated",52.43,-0.1,-0.19%,52.44,51.92,1513249,"13:51 ET"
AGN,"Allergan Plc",190.25,-1.41,-0.74%,191.43,190.02,1190142,"13:51 ET"
AIG,"American International Group",51.82,-0.44,-0.84%,51.94,51.25,1524991,"13:51 ET"
AIV,"Apartment Investment and Management",53.59,0.59,+1.11%,53.59,52.8,275997,"13:50 ET"
AIZ,"Assurant Inc",130.18,-1.11,-0.85%,130.53,128.52,179826,"13:51 ET"
AJG,"Arthur J. Gallagher & Company",96.56,0.29000000000001,+0.30%,96.58,95.26,256211,"13:51 ET"
AKAM,"Akamai Technologies",96.44,0.84999999999999,+0.89%,96.45,94.98,311686,"13:51 ET"
ALB,"Albemarle Corp",81.49,0.11,+0.14%,81.62,79.51,958649,"13:50 ET"
ALGN,"Align Technology",270.53,-8.78,-3.14%,280.01,269.61,399140,"13:51 ET"
ALK,"Alaska Air Group",66.77,1.18,+1.80%,66.83,64.44,659689,"13:51 ET"
ALL,"Allstate Corp",117.63,-0.02000000000001,-0.02%,117.64,116.1,547698,"13:51 ET"
ALLE,"Allegion Plc",129.17,-0.28,-0.22%,129.51,128.57,349309,"13:50 ET"
ALXN,"Alexion Pharm Inc",108.83,-2.57,-2.31%,111.28,108.02,759040,"13:51 ET"
AMAT,"Applied Materials",63.47,-0.42,-0.66%,64.26,63.13,3279605,"13:51 ET"
AMCR,"Amcor Plc",10.71,-0.02,-0.19%,10.71,10.59,1369315,"13:50 ET"
AMD,"Adv Micro Devices",51.31,-0.12,-0.23%,51.41,50.74,25054336,"13:51 ET"
AME,"Amtek Inc",100.31,0.040000000000006,+0.04%,100.38,99.29,334278,"13:50 ET"
AMGN,"Amgen Inc",235.66,-1.09,-0.46%,237.06,233.07,1067122,"13:51 ET"
AMP,"Ameriprise Financial Services",170.47,-0.66999999999999,-0.39%,170.53,167.99,332303,"13:50 ET"
AMT,"American Tower Corp",237.25,2.09,+0.89%,238.49,235.01,547310,"13:51 ET"
AMZN,"Amazon.com Inc",1884.86,-2.6000000000001,-0.14%,1887.39,1872.76,1331863,"13:51 ET"
ANET,"Arista Networks Inc",230.08,7.36,+3.30%,230.37,221.48,347641,"13:50 ET"
ANSS,"Ansys Inc",276.96,2.23,+0.81%,278.74,273.58,175371,"13:51 ET"
ANTM,"Anthem Inc",303.52,0.0099999999999909,0.00%,305.48,301.29,465876,"13:51 ET"
AON,"AON Plc",212.96,1.05,+0.50%,212.96,210.17,336609,"13:51 ET"
AOS,"Smith [A.O.] Corp",46.46,-0.039999999999999,-0.09%,47.01,46.09,909128,"13:51 ET"
APA,"Apache Corp",30.19,-0.68,-2.20%,30.62,29.87,2493839,"13:51 ET"
APD,"Air Products and Chemicals",236.37,-1.67,-0.70%,237.72,233.64,523182,"13:51 ET"
APH,"Amphenol Corp",105.48,-1.15,-1.08%,106.95,104.3,751176,"13:51 ET"
APTV,"Aptiv Plc",91.77,0.61999999999999,+0.68%,91.77,89.25,673184,"13:51 ET"
ARE,"Alexandria Real Estate Equities",164.99,1.71,+1.05%,165.05,162.47,139652,"13:51 ET"
ARNC,"Arconic Inc",29.32,0.48,+1.66%,29.39,28.59,1531881,"13:51 ET"
ATO,"Atmos Energy Corp",116.69,0.59999999999999,+0.52%,116.7,115.88,190372,"13:51 ET"
ATVI,"Activision Blizzard",60.25,-0.07,-0.12%,60.55,60.06,2270206,"13:51 ET"
AVB,"Avalonbay Communities",218.19,1.55,+0.72%,218.34,216.01,180324,"13:51 ET"
AVGO,"Broadcom Ltd",318.38,5.5,+1.76%,318.38,310.82,1276056,"13:51 ET"
AVY,"Avery Dennison Corp",130.36,0.13000000000002,+0.10%,130.36,128.6,144974,"13:48 ET"
AWK,"American Water Works",135.13,1.08,+0.81%,135.53,133.81,356701,"13:50 ET"
AXP,"American Express Company",131.14,-0.35000000000002,-0.27%,131.47,130.14,1763381,"13:51 ET"
AZO,Autozone,1163.94,6.6100000000001,+0.57%,1167.98,1149,85883,"13:51 ET"
BA,"Boeing Company",315.86,6.86,+2.22%,317.11,307.7,6022476,"13:51 ET"
BAC,"Bank of America Corp",34.12,-0.24,-0.70%,34.22,33.73,26206683,"13:51 ET"
BAX,"Baxter International Inc",91.33,0.17,+0.19%,91.43,90.53,792906,"13:50 ET"
BBY,"Best Buy Company",90.03,0.76000000000001,+0.85%,90.13,88.33,581233,"13:50 ET"
BDX,"Becton Dickinson and Company",278.98,0.15000000000003,+0.05%,280.29,276.68,539051,"13:51 ET"
BEN,"Franklin Resources",25.7,-0.16,-0.62%,25.92,25.32,1176955,"13:51 ET"
BF.B,"Brown Forman Inc Cl B",71.73,-0.039999999999992,-0.06%,71.79,71.05,180651,"13:50 ET"
BIIB,"Biogen Inc",284.82,-3.28,-1.14%,288.08,281.21,1249787,"13:51 ET"
BK,"Bank of New York Mellon Corp",47.35,0.62,+1.33%,47.35,46.25,2596186,"13:51 ET"
BKNG,"Booking Holdings Inc",1994.62,-5.6200000000001,-0.28%,2006.7,1975.12,191299,"13:51 ET"
BKR,"Baker Hughes A Ge Co. Cl A",22.89,0.21,+0.93%,23.15,22.31,3439903,"13:51 ET"
BLK,Blackrock,539.87,3.01,+0.56%,539.87,532.83,309862,"13:51 ET"
BLL,"Ball Corp",71.7,-0.14999999999999,-0.21%,72.45,71.1,1045845,"13:51 ET"
BMY,"Bristol-Myers Squibb Company",66.77,-0.66000000000001,-0.98%,67.25,66.03,6096345,"13:51 ET"
BR,"Broadridge Financial Solutions Llc",131.53,-1,-0.75%,132.83,130.64,196906,"13:50 ET"
BRK.B,"Berkshire Hathaway Cl B",229.2,-0.34,-0.15%,229.5,227.35,1561069,"13:51 ET"
BSX,"Boston Scientific Corp",43.54,-0.51,-1.16%,44.03,43.19,2768811,"13:51 ET"
BWA,"Borgwarner Inc",40.21,-0.079999999999998,-0.20%,40.23,39.31,584282,"13:51 ET"
BXP,"Boston Properties",141.25,1.35,+0.96%,141.28,138.85,146001,"13:50 ET"
C,"Citigroup Inc",79.88,-0.22,-0.27%,79.9,78.92,5778180,"13:51 ET"
CAG,"Conagra Brands Inc",32.71,0.42,+1.30%,32.72,31.97,1832142,"13:51 ET"
CAH,"Cardinal Health",55.03,-0.29,-0.52%,55.22,54.54,1734060,"13:51 ET"
CAT,"Caterpillar Inc",141.78,-0.84999999999999,-0.60%,141.85,139.8,1614424,"13:51 ET"
CB,"Chubb Ltd",152.05,-1.78,-1.16%,152.94,149.08,1341343,"13:50 ET"
CBOE,"CBOE Global Markets Inc",119.2,0.48,+0.40%,119.98,117.8,153302,"13:51 ET"
CBRE,"CBRE Group Inc",61.21,0.3,+0.49%,61.23,60.35,226704,"13:49 ET"
CCI,"Crown Castle International Corp",149.35,0.66,+0.44%,150.21,148,485403,"13:51 ET"
CCL,"Carnival Corp",49.31,-0.57,-1.14%,49.45,48.13,3728731,"13:51 ET"
CDNS,"Cadence Design Sys",75.41,0.61,+0.82%,75.55,74.2,464519,"13:51 ET"
CDW,"CDW Corp",137.98,1.4,+1.03%,138.12,135.47,444579,"13:50 ET"
CE,"Celanese Corp",115.7,-1.08,-0.92%,116.1,114.24,207456,"13:51 ET"
CERN,"Cerner Corp",75.28,-0.23999999999999,-0.32%,75.37,74.54,305071,"13:51 ET"
CF,"Cf Industries Holdings",42.36,-0.35,-0.82%,42.42,41.29,1183279,"13:51 ET"
CFG,"Citizens Financial Group Inc/Ri",39.82,-0.33,-0.82%,40.1,39.32,2038804,"13:51 ET"
CHD,"Church & Dwight Company",71.11,-1.11,-1.54%,72.73,70.95,1062008,"13:51 ET"
CHRW,"C.H. Robinson Ww",79.61,-0.7,-0.87%,80.22,78.87,438058,"13:51 ET"
CHTR,"Charter Communicatio",512.5,1.74,+0.34%,516.7,505.28,495071,"13:51 ET"
CI,"Cigna Corp",212.85,1.59,+0.75%,213.38,209.83,753784,"13:51 ET"
CINF,"Cincinnati Financial",105.97,-1.17,-1.09%,106.7,105.14,169926,"13:50 ET"
CL,"Colgate-Palmolive Company",70.32,-0.21000000000001,-0.30%,71.07,69.98,1257635,"13:51 ET"
CLX,"Clorox Company",158.67,-0.96000000000001,-0.60%,161.16,158.55,311370,"13:51 ET"
CMA,"Comerica Inc",65.83,-0.57000000000001,-0.86%,66.36,64.86,905655,"13:51 ET"
CMCSA,"Comcast Corp A",45.74,-1.7,-3.58%,48.55,45.52,17926911,"13:51 ET"
CME,"CME Group Inc",208.29,0.81,+0.39%,209.14,206.59,519652,"13:51 ET"
CMG,"Chipotle Mexican Grill",879.35,0.17000000000007,+0.02%,884,872.8,112432,"13:50 ET"
CMI,"Cummins Inc",170.09,-0.02000000000001,-0.01%,170.09,167.42,401838,"13:51 ET"
CMS,"Cms Energy Corp",66.82,0.27,+0.41%,67.08,66.57,580572,"13:51 ET"
CNC,"Centene Corp",67.15,0.39,+0.58%,67.16,65.06,3513572,"13:51 ET"
CNP,"Centerpoint Energy Inc",26.81,0.63,+2.41%,26.84,26.11,2600027,"13:51 ET"
COF,"Capital One Financial Corp",106.2,-0.56,-0.52%,106.51,105.2,1038681,"13:51 ET"
COG,"Cabot Oil & Gas Corp",15.22,-0.21,-1.36%,15.47,15.05,5713590,"13:51 ET"
COO,"Cooper Companies",356,-3.98,-1.11%,358.82,353.15,124610,"13:43 ET"
COP,Conocophillips,62.76,-0.25,-0.40%,62.84,61.62,3224921,"13:51 ET"
COST,"Costco Wholesale",312.38,0.49000000000001,+0.16%,313.4,310.71,696281,"13:51 ET"
COTY,"Coty Inc",10.66,-0.11,-1.02%,10.81,10.53,1693023,"13:51 ET"
CPB,"Campbell Soup Company",49.01,0.44,+0.91%,49.05,48.2,2804037,"13:51 ET"
CPRI,"Capri Holdings Ltd",36.31,-0.11,-0.30%,36.34,35.32,600841,"13:51 ET"
CPRT,"Copart Inc",99.58,-0.060000000000002,-0.06%,99.85,99.06,325209,"13:45 ET"
CRM,"Salesforce.com Inc",183.26,0.50999999999999,+0.28%,184.3,181.3,2112776,"13:51 ET"
CSCO,"Cisco Systems Inc",49.1,0.039999999999999,+0.08%,49.17,48.41,6511247,"13:51 ET"
CSX,"CSX Corp",76.1,1.49,+2.00%,76.1,73.94,2068284,"13:51 ET"
CTAS,"Cintas Corp",285.03,2.5,+0.88%,285.03,281.2,86870,"13:51 ET"
CTL,Centurylink,14.95,-0.12,-0.80%,15.15,14.77,4329779,"13:51 ET"
CTSH,"Cognizant Tech Sol",62.4,0.21,+0.34%,62.42,61.85,913850,"13:51 ET"
CTVA,"Corteva Inc",28.15,-0.010000000000002,-0.04%,28.26,27.51,1616672,"13:51 ET"
CTXS,"Citrix Systems Inc",129.52,10.29,+8.63%,130.56,122.2,2491515,"13:51 ET"
CVS,"CVS Corp",73.05,-0.96000000000001,-1.30%,73.88,72.48,4111898,"13:51 ET"
CVX,"Chevron Corp",113.05,0.14999999999999,+0.13%,113.07,111.86,2777950,"13:51 ET"
CXO,"Concho Resources Inc",84.55,-1.62,-1.88%,85.58,83.9,810624,"13:51 ET"
D,"Dominion Resources",83.76,0.070000000000007,+0.08%,83.96,83.4,927374,"13:51 ET"
DAL,"Delta Air Lines Inc",59.72,0.079999999999998,+0.13%,59.84,58.19,4682166,"13:51 ET"
DD,"Du Pont De.Nemours Inc",60.76,-0.020000000000003,-0.03%,60.97,60.01,2769902,"13:51 ET"
DE,"Deere & Company",170.42,-0.74000000000001,-0.43%,170.63,168.66,595284,"13:46 ET"
DFS,"Discover Financial Services",85.62,0.28,+0.33%,85.79,84.27,1102473,"13:51 ET"
DG,"Dollar General Corp",154.48,-0.02000000000001,-0.01%,155.51,153.38,572963,"13:51 ET"
DGX,"Quest Diagnostics Inc",107.7,-0.84,-0.77%,108.45,107.12,208983,"13:50 ET"
DHI,"D.R. Horton",58.64,1.22,+2.12%,58.71,57.42,2247710,"13:51 ET"
DHR,"Danaher Corp",163.12,-0.65000000000001,-0.40%,164.03,162.41,803130,"13:51 ET"
DIS,"Walt Disney Company",141.96,-2.05,-1.42%,144.12,140.65,6319435,"13:51 ET"
DISCA,"Discovery Comm A",30.66,-1.37,-4.28%,32.03,30.57,3638600,"13:51 ET"
DISCK,"Discovery Comm Inc",28.91,-1.18,-3.92%,30,28.82,2444197,"13:51 ET"
DISH,"Dish Network Corp",36.68,-0.07,-0.19%,36.78,36.26,682915,"13:51 ET"
DLR,"Digital Realty Trust",126.87,0.59,+0.47%,127.52,126.05,573079,"13:51 ET"
DLTR,"Dollar Tree Inc",88.34,-1.53,-1.70%,89.55,88.18,1491589,"13:50 ET"
DOV,"Dover Corp",117.83,-0.040000000000006,-0.03%,117.86,116.77,289901,"13:51 ET"
DOW,"Dow Inc",50.45,-0.41999999999999,-0.83%,50.75,49.15,2178780,"13:51 ET"
DRE,"Duke Realty Corp",35.78,0.17,+0.48%,35.83,35.4,808852,"13:50 ET"
DRI,"Darden Restaurants",116.96,1.98,+1.72%,117.08,114.7,527747,"13:50 ET"
DTE,"Dte Energy Company",133.57,0.94999999999999,+0.72%,133.58,132.35,456346,"13:51 ET"
DUK,"Duke Energy Corp",95.69,0.38,+0.40%,95.92,95.22,803784,"13:51 ET"
DVA,"Davita Healthcare Partners Inc",80.44,-0.11,-0.14%,80.52,79.15,359813,"13:51 ET"
DVN,"Devon Energy Corp",24.39,0.09,+0.37%,24.49,23.6,3041066,"13:51 ET"
DXC,"Dxc Technology Company",35.45,0.12,+0.34%,35.48,34.59,788213,"13:51 ET"
EA,"Electronic Arts Inc",113.49,0.39999999999999,+0.35%,113.73,112,626662,"13:51 ET"
EBAY,"Ebay Inc",35.69,-0.2,-0.56%,35.98,35.54,2739667,"13:51 ET"
ECL,"Ecolab Inc",197.69,1.29,+0.66%,198.3,195.74,635245,"13:51 ET"
ED,"Consolidated Edison Company of New York",92.21,1.05,+1.15%,92.21,91.2,488278,"13:51 ET"
EFX,"Equifax Inc",154.76,0.0099999999999909,+0.01%,154.84,152.63,148254,"13:50 ET"
EIX,"Edison International",77.41,0.34,+0.44%,77.49,76.84,455977,"13:51 ET"
EL,"Estee Lauder Companies",208.51,-4.13,-1.94%,211.58,206.71,1544716,"13:51 ET"
EMN,"Eastman Chemical Company",73.74,0.19999999999999,+0.27%,73.86,71.62,664148,"13:51 ET"
EMR,"Emerson Electric Company",77.22,0.2,+0.26%,77.25,76.03,638655,"13:51 ET"
EOG,"Eog Resources",81.54,-1.55,-1.87%,82.24,80.65,1711093,"13:51 ET"
EQIX,"Equinix Inc",596.8,5.13,+0.87%,603.7,592.56,152753,"13:51 ET"
EQR,"Equity Residential",82.7,0.31,+0.38%,82.82,82.05,501327,"13:50 ET"
ES,"Eversource Energy",90.8,0.84999999999999,+0.94%,90.81,89.92,440259,"13:51 ET"
ESS,"Essex Property Trust",312.2,2.35,+0.76%,312.32,307.41,178681,"13:49 ET"
ETFC,"E*Trade Finl Corp",45.98,-0.52,-1.12%,46.15,45.17,1039548,"13:51 ET"
ETN,"Eaton Corp",97.06,-0.099999999999994,-0.10%,97.08,95.41,1459235,"13:51 ET"
ETR,"Entergy Corp",129.15,1.26,+0.99%,129.18,127.57,498910,"13:51 ET"
EVRG,"Evergy Inc",69.94,0.83,+1.20%,69.96,68.97,977713,"13:51 ET"
EW,"Edwards Lifesciences Corp",230.51,-12.48,-5.14%,242.4,228.5,1848406,"13:51 ET"
EXC,"Exelon Corp",47.7,0.040000000000006,+0.08%,47.83,47.44,1827898,"13:50 ET"
EXPD,"Expeditors Intl",73.36,-0.3,-0.41%,73.66,72.59,354739,"13:51 ET"
EXPE,"Expedia Group Inc",113.45,3.42,+3.11%,114.09,109.05,1894758,"13:51 ET"
EXR,"Extra Space Storage Inc",110.19,0.48,+0.44%,110.73,109.4,340719,"13:49 ET"
F,"Ford Motor Company",9.09,-0.07,-0.76%,9.16,8.93,34235811,"13:49 ET"
FANG,"Diamondback Energy",84.13,-1.36,-1.59%,86.18,83.01,1039888,"13:51 ET"
FAST,"Fastenal Company",35.8,-0.13,-0.36%,35.88,35.29,1366622,"13:51 ET"
FB,"Facebook Inc",220.21,-1.11,-0.50%,221.49,219.37,5251835,"13:51 ET"
FBHS,"Fortune Brands Home & Security",70.39,0.41,+0.59%,70.51,69.43,327661,"13:50 ET"
FCX,"Freeport-Mcmoran Inc",11.69,-0.63,-5.11%,12.29,11.22,34184842,"13:51 ET"
FDX,"Fedex Corp",154.25,-1.29,-0.83%,155.34,152.73,1009589,"13:51 ET"
FE,"Firstenergy Corp",50,0.11,+0.22%,50.2,49.76,1602981,"13:51 ET"
FFIV,"F5 Networks Inc",133.88,1.6,+1.21%,134.03,131.98,542420,"13:50 ET"
FIS,"Fidelity National Information Services",149.27,0.68000000000001,+0.46%,149.38,147.88,760786,"13:51 ET"
FISV,"Fiserv Inc",122.22,0.17,+0.14%,122.51,121.04,679431,"13:51 ET"
FITB,"Fifth Third Bncp",29.25,-0.09,-0.31%,29.26,28.59,2572656,"13:51 ET"
FLIR,"Flir Systems Inc",54.77,0.48,+0.88%,54.78,53.85,211076,"13:47 ET"
FLS,"Flowserve Corp",48.59,-0.049999999999997,-0.10%,48.59,47.56,168264,"13:50 ET"
FLT,"Fleetcor Technologies",316.07,-2.23,-0.70%,318.95,314.85,322596,"13:51 ET"
FMC,"FMC Corp",96.66,-0.94,-0.96%,97.28,94.86,494937,"13:50 ET"
FOX,"Fox Corp Cl B",36.83,-1.57,-4.09%,38.13,36.7,978344,"13:51 ET"
FOXA,"Fox Corp Cl A",37.47,-1.61,-4.12%,39.1,37.34,2779928,"13:51 ET"
FRC,"First Republic Bank",116.51,-0.83,-0.71%,117.33,115.91,514868,"13:51 ET"
FRT,"Federal Realty Investment Trust",130.4,-0.18000000000001,-0.14%,131.12,130.13,108071,"13:50 ET"
FTI,"Technipfmc Plc",18.34,-0.32,-1.71%,18.49,18.17,1698975,"13:50 ET"
FTNT,"Fortinet Inc",118.37,0.55000000000001,+0.47%,118.97,117.24,332952,"13:51 ET"
FTV,"Fortive Corp",77.56,-0.099999999999994,-0.13%,77.63,76.81,255260,"13:50 ET"
GD,"General Dynamics Corp",185.07,1.97,+1.08%,185.11,182.05,404374,"13:51 ET"
GE,"General Electric Company",11.7,0.33,+2.90%,11.8,11.6,37435175,"13:51 ET"
GILD,"Gilead Sciences Inc",63.67,0.24,+0.38%,63.75,62.74,5616895,"13:51 ET"
GIS,"General Mills",54.37,0.39,+0.72%,54.37,53.8,1127007,"13:51 ET"
GL,"Globe Life Inc",104.51,0.85000000000001,+0.82%,104.51,102.79,138701,"13:51 ET"
GLW,"Corning Inc",29.39,-0.26,-0.88%,29.41,29.08,2338971,"13:51 ET"
GM,"General Motors Company",34.72,-0.19,-0.54%,34.84,34.01,4488056,"13:51 ET"
GOOG,"Alphabet Cl C",1489.93,3.98,+0.27%,1495.52,1482.1,548357,"13:50 ET"
GOOGL,"Alphabet Cl A",1487.96,3.79,+0.26%,1493.53,1480.32,662093,"13:50 ET"
GPC,"Genuine Parts Company",99.94,-0.27,-0.27%,99.95,98.9,174147,"13:51 ET"
GPN,"Global Payments Inc",199.19,-0.87,-0.43%,200.35,198.46,577520,"13:51 ET"
GPS,"Gap Inc",17.77,-0.19,-1.06%,17.9,17.5,1541135,"13:51 ET"
GRMN,"Garmin Ltd",100.47,0.25,+0.25%,100.48,99.64,142276,"13:49 ET"
GS,"Goldman Sachs Group",246.4,-0.65000000000001,-0.26%,246.4,242.88,1796659,"13:51 ET"
GWW,"W.W. Grainger",329.05,-2.02,-0.61%,330.75,324.82,105865,"13:47 ET"
HAL,"Halliburton Company",23.52,-0.41,-1.71%,23.68,23.16,8199939,"13:51 ET"
HAS,"Hasbro Inc",105.6,-0.18000000000001,-0.17%,106.01,104.3,316034,"13:50 ET"
HBAN,"Huntington Bcshs",14.19,-0.54,-3.67%,14.72,13.93,15567745,"13:51 ET"
HBI,"Hanesbrands Inc",14.34,0.0099999999999998,+0.07%,14.38,13.89,2426126,"13:50 ET"
HCA,"Hca Holdings Inc",146.59,-0.54999999999998,-0.37%,147.3,145.55,376129,"13:51 ET"
HD,"Home Depot",233.25,0.34999999999999,+0.15%,233.7,230.64,1679826,"13:51 ET"
HES,"Hess Corp",66.49,-0.71000000000001,-1.06%,66.78,64.7,905168,"13:51 ET"
HFC,"Hollyfrontier Corp",46.62,0.12,+0.26%,46.64,45.57,1022764,"13:51 ET"
HIG,"Hartford Financial Services Group",58.81,-1.09,-1.82%,59.31,58.38,1014586,"13:51 ET"
HII,"Huntington Ingalls Industries",276.15,0.40999999999997,+0.15%,277,274.14,59697,"13:50 ET"
HLT,"Hilton Inc",110.86,0.010000000000005,+0.01%,110.86,107.65,665997,"13:50 ET"
HOG,"Harley-Davidson Inc",35.05,-0.12,-0.34%,35.3,34.52,744240,"13:51 ET"
HOLX,"Hologic Inc",53.9,-0.34,-0.63%,54.3,53.68,610119,"13:51 ET"
HON,"Honeywell International Inc",179.93,-0.12,-0.07%,180.54,179.03,772720,"13:51 ET"
HP,"Helmerich & Payne",42.32,-0.64,-1.49%,42.46,41.57,858914,"13:51 ET"
HPE,"Hewlett Packard Enterprise Comp",15.11,0.08,+0.53%,15.14,14.79,3051821,"13:51 ET"
HPQ,"Hp Inc",22.12,0.19,+0.87%,22.17,21.87,5827908,"13:51 ET"
HRB,"H&R Block",24.42,0.16,+0.66%,24.43,24.05,1424764,"13:46 ET"
HRL,"Hormel Foods Corp",47.02,0.45,+0.97%,47.06,46.37,1161102,"13:51 ET"
HSIC,"Henry Schein Inc",70.85,0.11,+0.16%,70.87,70.3,282761,"13:50 ET"
HST,"Host Marriott Financial Trust",17.32,-0.2,-1.14%,17.51,17.27,3345050,"13:51 ET"
HSY,"Hershey Foods Corp",154.33,1.89,+1.24%,154.33,152,260452,"13:50 ET"
HUM,"Humana Inc",364.62,-1.1,-0.30%,367.68,362.77,271929,"13:51 ET"
IBM,"International Business Machines",143.04,-0.84999999999999,-0.59%,144.41,142.15,2917347,"13:51 ET"
ICE,"Intercontinental Exchange",96.99,0.55999999999999,+0.58%,96.99,96.01,899985,"13:51 ET"
IDXX,"Idexx Laboratories",284.58,-3.04,-1.06%,287.98,283.45,187027,"13:50 ET"
IEX,"Idex Corp",172.36,-0.63999999999999,-0.37%,172.97,171.54,181381,"13:49 ET"
IFF,"International Flavors & Fragrances",135.35,-0.55000000000001,-0.40%,136.96,133.86,431587,"13:51 ET"
ILMN,"Illumina Inc",328.27,-2.73,-0.82%,330.61,327.01,625978,"13:50 ET"
INCY,"Incyte Corp",78.38,-0.10000000000001,-0.13%,78.9,77.45,565806,"13:48 ET"
INFO,"IHS Markit Ltd",80.47,-0.22,-0.27%,80.7,79.82,773252,"13:51 ET"
INTC,"Intel Corp",63.44,0.71,+1.13%,63.68,62.64,17374445,"13:51 ET"
INTU,"Intuit Inc",290.12,-0.39999999999998,-0.14%,292.67,288.9,750743,"13:51 ET"
IP,"International Paper Company",44.69,0.18,+0.40%,44.69,43.79,635447,"13:51 ET"
IPG,"Interpublic Group of Companies",23.49,-0.21,-0.89%,23.67,23.29,555077,"13:51 ET"
IPGP,"Ipg Photonics Corp",146.3,0.21000000000001,+0.14%,146.91,143.96,123113,"13:50 ET"
IQV,"Iqvia Holdings Inc",160.34,-0.16,-0.10%,160.78,159.29,229878,"13:51 ET"
IR,"Ingersoll-Rand Plc [Ireland]",131.67,0.030000000000001,+0.02%,131.99,130.48,513674,"13:51 ET"
IRM,"Iron Mountain Inc",31.87,0.11,+0.35%,31.92,31.56,589802,"13:36 ET"
ISRG,"Intuitive Surg Inc",611.02,0.77999999999997,+0.13%,614.9,606.59,390972,"13:36 ET"
IT,"Gartner Inc",160.98,0.049999999999983,+0.03%,161.34,159.74,62815,"13:36 ET"
ITW,"Illinois Tool Works Inc",177.69,0.18000000000001,+0.10%,177.95,175.05,666154,"13:36 ET"
IVZ,"Invesco Plc",18.36,-0.15,-0.81%,18.4,18.1,1360624,"13:36 ET"
J,"Jacobs Engineering Group Inc",95.5,0.65000000000001,+0.69%,95.51,93.84,307466,"13:36 ET"
JBHT,"J B Hunt Transport",115.32,0.92999999999999,+0.81%,115.39,113.91,422265,"13:36 ET"
JCI,"Johnson Controls Intl",41.53,0.16,+0.39%,41.61,41.19,1837042,"13:36 ET"
JKHY,"Jack Henry & Assoc",150.26,0.62,+0.41%,150.26,148.84,94538,"13:36 ET"
JNJ,"Johnson & Johnson",147.59,-0.66,-0.45%,148.13,146.76,2971169,"13:36 ET"
JNPR,"Juniper Networks",24.5,0.079999999999998,+0.33%,24.58,24.09,672740,"13:36 ET"
JPM,"JP Morgan Chase & Company",136.12,-0.56,-0.41%,136.23,134.72,5246505,"13:36 ET"
JWN,Nordstrom,39.25,-0.63,-1.58%,39.65,38.88,1128494,"13:36 ET"
K,"Kellogg Company",70.68,0.42,+0.60%,70.73,69.69,518580,"13:36 ET"
KEY,Keycorp,19.7,0.079999999999998,+0.41%,20.07,19.38,8380460,"13:36 ET"
KEYS,"Keysight Technologies Inc Comm",103.33,-2.18,-2.07%,106.82,103.11,888586,"13:36 ET"
KHC,"Kraft Heinz Company",30.58,-0.090000000000003,-0.29%,30.67,30.34,2186726,"13:36 ET"
KIM,"Kimco Realty Corp",20.34,0,0.00%,20.46,20.24,1068093,"13:36 ET"
KLAC,"K L A-Tencor Corp",181.18,1.05,+0.58%,181.53,179.12,476446,"13:36 ET"
KMB,"Kimberly-Clark Corp",143.6,-0.78999999999999,-0.55%,149.23,138.3,2042333,"13:36 ET"
KMI,"Kinder Morgan",21.73,0.77,+3.67%,21.88,21.22,17020475,"13:36 ET"
KMX,"Carmax Inc",97.8,0.45,+0.46%,97.94,96.45,294182,"13:36 ET"
KO,"Coca-Cola Company",57.56,-0.049999999999997,-0.09%,57.78,57.24,5212883,"13:36 ET"
KR,"Kroger Company",28.5,0.13,+0.46%,28.54,28.22,1889043,"13:36 ET"
KSS,"Kohl's Corp",46.12,-0.25,-0.54%,46.2,45.62,764022,"13:36 ET"
KSU,"Kansas City Southern",165.14,0.32999999999998,+0.20%,166.09,163.52,560550,"13:36 ET"
L,"Loews Corp",51.24,-0.64,-1.23%,51.74,50.8,264343,"13:36 ET"
LB,"L Brands Inc",20.82,0.84,+4.20%,21.02,20.35,6070080,"13:36 ET"
LDOS,"Leidos Holdings Inc",101.89,-0.58,-0.57%,102.83,101.57,269517,"13:36 ET"
LEG,"Leggett & Platt Inc",50.93,-0.51,-0.99%,51.27,50.26,390381,"13:36 ET"
LEN,"Lennar Corp",67.12,1.48,+2.25%,67.32,65.53,2650611,"13:36 ET"
LH,"Laboratory Corp of America Holdings",179.13,-0.43000000000001,-0.24%,179.29,177.65,151478,"13:36 ET"
LHX,"L3Harris Technologies Inc",222.77,2.86,+1.30%,223.17,219.61,520268,"13:36 ET"
LIN,"Linde Plc",208.89,-2.19,-1.04%,209.02,207.52,661288,"13:36 ET"
LKQ,"LKQ Corp",34.14,0.22,+0.65%,34.22,33.52,469525,"13:36 ET"
LLY,"Eli Lilly and Company",140.5,-1.06,-0.75%,141.74,139.88,1123412,"13:36 ET"
LMT,"Lockheed Martin Corp",427.55,3.13,+0.74%,428.27,424,413242,"13:36 ET"
LNC,"Lincoln National Corp",57.91,-0.81,-1.38%,58.23,57.21,601974,"13:36 ET"
LNT,"Alliant Energy Corp",58.06,0.31,+0.54%,58.22,57.67,418749,"13:36 ET"
LOW,"Lowe's Companies",122.52,0.61,+0.50%,123.14,121.05,1390389,"13:36 ET"
LRCX,"Lam Research Corp",309.79,-1.55,-0.50%,312.5,307.55,790488,"13:36 ET"
LUV,"Southwest Airlines Company",55.03,1.55,+2.90%,55.03,51.85,3970267,"13:36 ET"
LVS,"Las Vegas Sands",69.16,-0.29000000000001,-0.42%,69.35,67.47,5200493,"13:36 ET"
LW,"Lamb Weston Holdings Inc",90.96,-0.23,-0.25%,91.31,90.65,378234,"13:36 ET"
LYB,"Lyondellbasell Industries NV",85.29,-1.35,-1.56%,86.51,83.97,1894180,"13:36 ET"
LYV,"Live Nation Entertainment",74.19,-0.46000000000001,-0.62%,74.74,73.87,307433,"13:36 ET"
M,"Macy's Inc",17.03,-0.12,-0.70%,17.12,16.68,4064221,"13:36 ET"
MA,"Mastercard Inc",322.96,-1.35,-0.42%,325.25,322.32,1712848,"13:36 ET"
MAA,"Mid-America Apartment Communities",135.98,1.05,+0.78%,136.24,134.5,118981,"13:36 ET"
MAR,"Marriot Int Cl A",143.84,-0.28,-0.19%,144.48,141.25,1071356,"13:36 ET"
MAS,"Masco Corp",49.22,-0.07,-0.14%,49.42,48.84,941552,"13:36 ET"
MCD,"McDonald's Corp",212.99,1.55,+0.73%,213.21,208.62,1623684,"13:36 ET"
MCHP,"Microchip Technology",109.92,0.58,+0.53%,110.13,108.46,843442,"13:36 ET"
MCK,"Mckesson Corp",155.26,-0.48000000000002,-0.31%,155.33,152.54,573769,"13:36 ET"
MCO,"Moody's Corp",256.89,-0.58000000000004,-0.23%,258.51,255.35,253302,"13:36 ET"
MDLZ,"Mondelez Intl Inc",55.44,-0.020000000000003,-0.04%,55.65,55.1,2900286,"13:36 ET"
MDT,"Medtronic Inc",120.39,-0.7,-0.58%,121.29,119.64,1546153,"13:36 ET"
MET,"Metlife Inc",51.62,-0.28,-0.54%,51.78,51.01,1387408,"13:36 ET"
MGM,"MGM Resorts International",32.15,0.2,+0.63%,32.17,31.15,4179319,"13:36 ET"
MHK,"Mohawk Industries",142.11,0.92000000000002,+0.65%,142.29,139.71,390453,"13:36 ET"
MKC,"Mccormick & Company Inc",171.74,-0.78999999999999,-0.46%,171.91,170.71,351290,"13:36 ET"
MKTX,"Marketaxess Holdings",367.54,-2.86,-0.77%,370.43,364.88,68717,"13:36 ET"
MLM,"Martin Marietta Materials",265.37,0.13999999999999,+0.05%,266.99,262.42,170419,"13:36 ET"
MMC,"Marsh & Mclennan Companies",113.56,-0.049999999999997,-0.04%,113.82,112.57,532732,"13:36 ET"
MMM,"3M Company",177.6,-0.43000000000001,-0.24%,178.43,176.39,844957,"13:36 ET"
MNST,"Monster Beverage Cp",67.79,0.33000000000001,+0.49%,67.95,67.15,970794,"13:36 ET"
MO,"Altria Group",50.57,-0.46,-0.90%,51.04,50.39,2375094,"13:36 ET"
MOS,"Mosaic Company",19.91,-0.12,-0.60%,19.93,19.21,2073976,"13:36 ET"
MPC,"Marathon Petroleum Corp",55.59,-0.38,-0.68%,55.84,53.95,2545192,"13:36 ET"
MRK,"Merck & Company",88.46,-1.19,-1.33%,89.66,88.26,4139906,"13:36 ET"
MRO,"Marathon Oil Corp",12.22,-0.23,-1.85%,12.25,11.96,6153323,"13:36 ET"
MS,"Morgan Stanley",55.57,-0.29,-0.52%,55.63,54.8,5761722,"13:36 ET"
MSCI,"MSCI Inc",278.4,-0.83000000000004,-0.30%,279.23,276.21,93805,"13:36 ET"
MSFT,"Microsoft Corp",166.02,0.32000000000002,+0.19%,166.62,165.27,8260050,"13:36 ET"
MSI,"Motorola Solutions",176.45,-1.29,-0.73%,178.4,176.32,240381,"13:36 ET"
MTB,"M&T Bank Corp",168.62,6.75,+4.17%,168.95,158.41,980767,"13:36 ET"
MTD,"Mettler-Toledo International",828.03,-6.89,-0.83%,834.47,824.39,31327,"13:36 ET"
MU,"Micron Technology",59.18,0.009999999999998,+0.02%,60.56,59.03,17664575,"13:36 ET"
MXIM,"Maxim Integrated",63.12,0.62,+0.99%,63.24,62.21,1076018,"13:36 ET"
MYL,"Mylan NV Ord Shs",22.09,0.3,+1.38%,22.12,21.39,2065347,"13:36 ET"
NBL,"Noble Energy Inc",22.11,-0.19,-0.85%,22.38,21.71,2125631,"13:36 ET"
NCLH,"Norwegian Cruise Ord",57.77,0.14,+0.24%,57.95,55.92,651118,"13:36 ET"
NDAQ,"Nasdaq Inc",109.22,0.079999999999998,+0.07%,109.25,108.48,133450,"13:36 ET"
NEE,"Nextera Energy",259.74,-0.15999999999997,-0.06%,262.75,259.36,921807,"13:36 ET"
NEM,"Newmont Mining Corp",43.59,-0.19,-0.43%,43.92,43.13,2303072,"13:36 ET"
NFLX,"Netflix Inc",341.52,15.52,+4.76%,345,325.01,11044606,"13:36 ET"
NI,"NiSource Inc",28.94,-0.12,-0.41%,29.19,28.89,1194766,"13:36 ET"
NKE,"Nike Inc",103.01,-1.48,-1.42%,104.37,102.62,2303462,"13:36 ET"
NLOK,"Nortonlifelock Inc.",28.55,0.34,+1.21%,28.58,27.97,2702610,"13:36 ET"
NLSN,"Nielsen Holdings Plc",21.3,0.080000000000002,+0.38%,21.3,20.95,775547,"13:36 ET"
NOC,"Northrop Grumman Corp",378.91,3.59,+0.96%,379.19,374.76,601421,"13:36 ET"
NOV,National-Oilwell,22.66,-0.28,-1.22%,22.76,22.21,748433,"13:36 ET"
NOW,"Servicenow Inc",312.38,-0.47000000000003,-0.15%,316.18,311.49,687936,"13:36 ET"
NRG,"NRG Energy",38.58,-0.1,-0.26%,38.75,38.33,584888,"13:36 ET"
NSC,"Norfolk Southern Corp",206.82,3.68,+1.81%,207.33,201.71,630779,"13:36 ET"
NTAP,"Netapp Inc",60.22,-0.25,-0.41%,60.59,59.08,866569,"13:36 ET"
NTRS,"Northern Trust Corp",103.6,-1.39,-1.32%,104.54,102.25,870261,"13:36 ET"
NUE,"Nucor Corp",51.36,-0.61,-1.17%,51.61,50.7,594047,"13:36 ET"
NVDA,"Nvidia Corp",251.95,1.9,+0.76%,252.46,248.15,3619964,"13:36 ET"
NVR,"NVR Inc",3990,58,+1.48%,3998.3,3930,6122,"13:36 ET"
NWL,"Newell Rubbermaid Inc",20.06,-0.030000000000001,-0.15%,20.06,19.65,782288,"13:36 ET"
NWS,"News Cp Cl B",14.78,-0.0099999999999998,-0.07%,14.78,14.61,126340,"13:36 ET"
NWSA,"News Cp Cl A",14.4,-0.06,-0.41%,14.4,14.24,439194,"13:36 ET"
O,"Realty Income Corp",76.89,0,0.00%,77.59,76.67,487365,"13:36 ET"
ODFL,"Old Dominion Freig",204.45,1.65,+0.81%,204.62,200.97,129015,"13:36 ET"
OKE,"Oneok Inc",75.82,0.22,+0.29%,75.95,74.96,607979,"13:36 ET"
OMC,"Omnicom Group Inc",78.32,-1.15,-1.45%,79.19,77.81,646250,"13:36 ET"
ORCL,"Oracle Corp",54.8,0.079999999999998,+0.15%,54.88,54.28,2459381,"13:36 ET"
ORLY,"O'Reilly Automotive",434.06,-1.65,-0.38%,435.73,430.89,265851,"13:36 ET"
OXY,"Occidental Petroleum Corp",42.47,-0.82,-1.89%,42.74,42.21,6263153,"13:36 ET"
PAYX,"Paychex Inc",89.36,-0.23999999999999,-0.27%,89.78,89.07,463931,"13:36 ET"
PBCT,"People's United Finl",15.98,-0.079999999999998,-0.50%,16.03,15.87,1750464,"13:36 ET"
PCAR,"Paccar Inc",77.1,0.16,+0.21%,77.16,75.69,433446,"13:36 ET"
PEAK,"Healthpeak Properties Inc.",36.93,0.42,+1.15%,37.01,36.33,1116939,"13:36 ET"
PEG,"Public Service Enterprise Group Inc",60.9,0.6,+1.00%,60.97,60.2,1066119,"13:36 ET"
PEP,"Pepsico Inc",142.65,-0.72999999999999,-0.51%,143.85,142.37,1432373,"13:36 ET"
PFE,"Pfizer Inc",40.67,0.48,+1.19%,40.83,40.13,15130209,"13:36 ET"
PFG,"Principal Financial Group Inc",55.17,-0.44,-0.79%,55.36,54.29,378350,"13:36 ET"
PG,"Procter & Gamble Company",123.99,-1.57,-1.25%,126.55,123.65,6424450,"13:36 ET"
PGR,"Progressive Corp",75.98,-0.17999999999999,-0.24%,76.04,75.23,587569,"13:36 ET"
PH,"Parker-Hannifin Corp",199.43,0.69,+0.35%,199.88,195.62,627660,"13:36 ET"
PHM,Pultegroup,43.69,0.81,+1.89%,43.74,42.89,1748947,"13:36 ET"
PKG,"Packaging Corp of America",106.82,0.52,+0.49%,106.86,104.92,152733,"13:36 ET"
PKI,Perkinelmer,99.46,-1.36,-1.35%,100.76,98.81,327954,"13:36 ET"
PLD,"Prologis Inc",94.9,0.96000000000001,+1.02%,95.01,93.12,1327634,"13:36 ET"
PM,"Philip Morris International Inc",87.31,-1.67,-1.88%,88.82,87.2,1704929,"13:36 ET"
PNC,"PNC Bank",152.1,-0.16,-0.11%,152.15,149.93,1063747,"13:36 ET"
PNR,"Pentair Ltd",46.53,0.26,+0.56%,46.64,45.6,344053,"13:36 ET"
PNW,"Pinnacle West Capital Corp",95.15,0.59,+0.62%,95.29,94.49,265484,"13:36 ET"
PPG,"PPG Industries",126.21,0.049999999999997,+0.04%,126.42,124.65,644487,"13:36 ET"
PPL,"PPL Corp",36.37,0.2,+0.55%,36.42,36.06,1561026,"13:36 ET"
PRGO,"Perrigo Company",59.13,-0.34999999999999,-0.59%,59.25,58.46,426777,"13:36 ET"
PRU,"Prudential Financial Inc",94.88,-1.07,-1.12%,95.37,94.03,952219,"13:36 ET"
PSA,"Public Storage",222.65,1.66,+0.75%,223.41,220.75,415300,"13:36 ET"
PSX,"Phillips 66",101.64,-0.22,-0.22%,101.78,100,1117456,"13:36 ET"
PVH,"Phillips-Van Heusen Corp",96.68,-1.4,-1.43%,97.49,95.09,197274,"13:36 ET"
PWR,"Quanta Services",40.95,-0.14,-0.34%,41.01,40.36,298971,"13:36 ET"
PXD,"Pioneer Natural Resources Company",140.68,-3.95,-2.73%,143.3,140.08,906260,"13:36 ET"
PYPL,"Paypal Holdings",116.97,1.47,+1.27%,117.59,115.8,4348992,"13:36 ET"
QCOM,"Qualcomm Inc",91.57,-1.4,-1.51%,92.95,91.52,4269296,"13:36 ET"
QRVO,"Qorvo Inc",117.6,1.27,+1.09%,118.11,115.65,891352,"13:36 ET"
RCL,"Royal Caribbean Cruises Ltd",128.54,-0.59,-0.46%,128.66,123.47,1327719,"13:36 ET"
RE,"Everest Re Group",279.72,-1.28,-0.46%,280.09,276.33,127600,"13:36 ET"
REG,"Regency Centers Corp",63.86,0.25,+0.39%,64.01,63.22,108604,"13:36 ET"
REGN,"Regeneron Pharmaceuticals",356.87,-2.27,-0.63%,360.45,354.21,261204,"13:36 ET"
RF,"Regions Financial Corp",16.12,-0.099999999999998,-0.62%,16.2,15.95,2944862,"13:36 ET"
RHI,"Robert Half International Inc",62.26,-0.060000000000002,-0.10%,62.31,61.33,190912,"13:36 ET"
RJF,"Raymond James Financial",91.1,-6.14,-6.31%,92.26,89.25,1471142,"13:36 ET"
RL,"Ralph Lauren Corp",116.97,-0.3,-0.26%,117.09,114.1,251475,"13:36 ET"
RMD,"Resmed Inc",161.88,-2.5,-1.52%,164.13,161.26,200662,"13:36 ET"
ROK,"Rockwell Automation Inc",200.57,1.19,+0.60%,201.01,196.75,360601,"13:36 ET"
ROL,"Rollins Inc",36.45,0.37,+1.03%,36.48,35.9,316336,"13:36 ET"
ROP,"Roper Industries",376.45,0.78999999999996,+0.21%,377.58,372.62,211286,"13:36 ET"
ROST,"Ross Stores Inc",117.7,0.29000000000001,+0.25%,117.76,116.04,632541,"13:36 ET"
RSG,"Republic Services",94.34,0.010000000000005,+0.01%,94.51,93.86,322614,"13:36 ET"
RTN,"Raytheon Company",230.56,1.15,+0.50%,231.05,228.32,1405961,"13:36 ET"
SBAC,"SBA Communications",252.41,-0.20000000000002,-0.08%,253.93,251.28,142859,"13:36 ET"
SBUX,"Starbucks Corp",93.37,0.84,+0.91%,93.52,90.74,3010347,"13:36 ET"
SCHW,"The Charles Schwab Corp",48.53,-0.4,-0.82%,48.66,47.96,3308032,"13:36 ET"
SEE,"Sealed Air Corp",38.11,-0.2,-0.52%,38.19,37.75,333412,"13:36 ET"
SHW,"Sherwin-Williams Company",592.92,-0.0099999999999909,0.00%,594.72,589.45,156134,"13:36 ET"
SIVB,"Svb Financial Group",257.07,0.76999999999998,+0.30%,257.13,251.21,356820,"13:36 ET"
SJM,"J.M. Smucker Company",108.47,1.48,+1.38%,108.49,106.14,282124,"13:36 ET"
SLB,"Schlumberger N.V.",36.15,-0.53,-1.44%,36.24,35.57,6720965,"13:36 ET"
SLG,"SL Green Realty Corp",93.4,0.67,+0.72%,96.39,91.87,548116,"13:36 ET"
SNA,"Snap-On Inc",167.24,-0.41,-0.24%,167.59,165.62,73152,"13:36 ET"
SNPS,"Synopsys Inc",154.57,1.16,+0.76%,155.26,152.11,328118,"13:36 ET"
SO,"Southern Company",68.63,0.33,+0.48%,68.75,67.9,1547313,"13:36 ET"
SPG,"Simon Property Group",146.29,0.28,+0.19%,146.44,144.42,832484,"13:36 ET"
SPGI,"S&P Global Inc",297.05,-0.37,-0.12%,297.14,294.39,270005,"13:36 ET"
SRE,"Sempra Energy",158.8,1.25,+0.79%,159.17,157.06,389205,"13:35 ET"
STE,"Steris Corp",152.03,-0.75999999999999,-0.50%,152.43,151.44,148339,"13:36 ET"
STT,"State Street Corp",80.11,-0.43000000000001,-0.53%,80.35,78.81,1486832,"13:36 ET"
STX,"Seagate Tech Ord Shs",62.34,1.09,+1.78%,62.42,61.16,1556717,"13:36 ET"
STZ,"Constellation Brands Inc",192.51,0.56999999999999,+0.30%,192.96,190.91,469147,"13:36 ET"
SWK,"Stanley Black & Decker Inc",167.79,-0.090000000000003,-0.05%,168.13,165.15,368759,"13:36 ET"
SWKS,"Skyworks Solutions",127.25,2.35,+1.88%,128.17,124.4,1815107,"13:36 ET"
SYF,"Synchrony Financial",36.1,-0.32,-0.88%,36.37,35.83,4458676,"13:36 ET"
SYK,"Stryker Corp",216.39,-0.68000000000001,-0.31%,218.4,215.15,695429,"13:36 ET"
SYY,"Sysco Corp",83.58,0.44,+0.53%,83.69,82.75,763901,"13:36 ET"
T,"AT&T Inc",38.57,-0.47,-1.20%,38.99,38.55,14852995,"13:36 ET"
TAP,"Molson Coors Brewing Company",56.71,0.23,+0.41%,56.71,55.96,532905,"13:36 ET"
TDG,"Transdigm Group Inc",653.4,9.38,+1.46%,662.85,647.01,252138,"13:36 ET"
TEL,"Te Connectivity Ltd",99.56,0.61,+0.62%,99.66,97.78,741436,"13:36 ET"
TFC,"Truist Financial Corp.",55.96,-0.38,-0.67%,56.21,55.24,2180091,"13:36 ET"
TFX,"Teleflex Inc",383.11,-3.24,-0.84%,386.25,381.92,50294,"13:36 ET"
TGT,"Target Corp",114.87,0.97,+0.85%,115.03,113.1,2481414,"13:36 ET"
TIF,"Tiffany & Company",134.18,0.13,+0.10%,134.2,134.02,403487,"13:36 ET"
TJX,"TJX Companies",62.07,-0.36,-0.58%,62.43,61.93,1393471,"13:36 ET"
TMO,"Thermo Fisher Scientific Inc",334.39,-5.66,-1.66%,339.89,332.87,511549,"13:36 ET"
TMUS,"T-Mobile US",82.19,-0.29000000000001,-0.35%,82.36,81.95,739249,"13:36 ET"
TPR,"Tapestry Inc",27.79,0.14,+0.51%,27.79,27.02,1378437,"13:36 ET"
TROW,"T Rowe Price Group",132.1,-0.47,-0.35%,132.1,130.64,422885,"13:36 ET"
TRV,"The Travelers Companies Inc",134,-7.34,-5.19%,138,133.48,2214679,"13:36 ET"
TSCO,"Tractor Supply Company",93.15,0.28,+0.30%,93.32,91.46,509344,"13:36 ET"
TSN,"Tyson Foods",87.63,0.019999999999996,+0.02%,87.67,86.15,1367897,"13:36 ET"
TTWO,"Take-Two Interacti",129.36,-0.75,-0.58%,130.87,129.16,330278,"13:36 ET"
TWTR,"Twitter Inc",33.81,-0.21,-0.62%,34.36,33.72,6212276,"13:36 ET"
TXN,"Texas Instruments",133.09,-0.25,-0.19%,133.49,129.65,4862984,"13:36 ET"
TXT,"Textron Inc",44.84,0.26000000000001,+0.58%,44.94,43.72,929038,"13:36 ET"
UA,"Under Armour Inc Cl C",18.74,0.43,+2.35%,18.74,17.98,892380,"13:36 ET"
UAA,"Under Armour",21.12,0.6,+2.92%,21.12,20.14,2445698,"13:36 ET"
UAL,"United Continental Holdings",84.33,0.98999999999999,+1.19%,84.52,81.06,3527040,"13:36 ET"
UDR,"United Dominion Realty Trust",47.97,0.18,+0.38%,48.03,47.6,229585,"13:36 ET"
UHS,"Universal Health Services",146.58,1,+0.69%,146.58,144.7,137346,"13:36 ET"
ULTA,"Ulta Beauty Inc",269.78,-4.14,-1.51%,274.39,268.93,571637,"13:36 ET"
UNH,"Unitedhealth Group Inc",297.9,-2.69,-0.89%,300.58,296.65,1175958,"13:36 ET"
UNM,"Unumprovident Corp",28.45,-0.22,-0.77%,28.51,27.8,797623,"13:36 ET"
UNP,"Union Pacific Corp",186.43,5.5,+3.04%,187.16,180.93,2833418,"13:36 ET"
UPS,"United Parcel Service",116.3,-0.96000000000001,-0.82%,117.12,115.55,1178155,"13:36 ET"
URI,"United Rentals",152.45,-2.82,-1.82%,153.94,150.84,632756,"13:36 ET"
USB,"U.S. Bancorp",54.65,-0.29,-0.53%,54.94,54.35,3775016,"13:36 ET"
UTX,"United Technologies Corp",153.65,-0.13999999999999,-0.09%,154,152.59,1742392,"13:36 ET"
V,"Visa Inc",206.36,-1.54,-0.74%,208.4,205.3,3891823,"13:36 ET"
VAR,"Varian Medical Systems",148.99,-0.57999999999998,-0.39%,149.6,147.66,327361,"13:36 ET"
VFC,"V.F. Corp",85.36,-9.21,-9.74%,88.75,84.88,5369496,"13:36 ET"
VIAC,"Viacomcbs Inc. Cl B",37.06,-1.39,-3.62%,38.27,37.03,4948063,"13:36 ET"
VLO,"Valero Energy Corp",89.2,-0.42,-0.47%,89.5,86.95,1574067,"13:36 ET"
VMC,"Vulcan Materials Company",141.82,0.12,+0.08%,142.21,140.13,207474,"13:36 ET"
VNO,"Vornado Realty Trust",67.81,0.19,+0.28%,68.05,67.41,214468,"13:36 ET"
VRSK,"Verisk Analytics Inc",164.28,0.69,+0.42%,164.64,162.18,258996,"13:34 ET"
VRSN,"Verisign Inc",214.24,0.15000000000001,+0.07%,215,213.59,105654,"13:36 ET"
VRTX,"Vertex Pharmaceutic",234.61,0,0.00%,235.63,231.38,384295,"13:36 ET"
VTR,"Ventas Inc",58.47,0.19,+0.33%,58.91,58.05,906723,"13:36 ET"
VZ,"Verizon Communications Inc",60.24,-0.23999999999999,-0.40%,60.45,60,4500174,"13:36 ET"
WAB,"Wabtec Corp",79.75,0.64,+0.81%,79.94,77.89,526622,"13:36 ET"
WAT,"Waters Corp",239.35,-4.74,-1.94%,243.68,239.17,186832,"13:36 ET"
WBA,"Walgreens Boots Alliance",53.29,-0.13,-0.24%,53.36,52.81,1902703,"13:36 ET"
WCG,"Wellcare Group",346.29,1.04,+0.30%,346.82,339.88,358964,"13:36 ET"
WDC,"Western Digital Cp",70.94,2.3,+3.35%,72,68.64,4928611,"13:36 ET"
WEC,"Wisconsin Energy Corp",98.42,0.19,+0.19%,98.92,98.06,478908,"13:36 ET"
WELL,"Welltower Inc",86.78,0.78,+0.91%,87.01,85.79,760821,"13:36 ET"
WFC,"Wells Fargo & Company",48.26,-0.3,-0.62%,48.44,47.98,8735190,"13:36 ET"
WHR,"Whirlpool Corp",150.13,3.44,+2.35%,150.55,144.32,433735,"13:36 ET"
WLTW,"Willis Towers WT",205.92,2.17,+1.07%,206.3,202.59,336079,"13:36 ET"
WM,"Waste Management",120.8,0.48,+0.40%,121.08,119.58,530389,"13:36 ET"
WMB,"Williams Companies",22.53,-0.11,-0.49%,22.61,22.42,9853462,"13:36 ET"
WMT,"Wal-Mart Stores",115.25,-0.84999999999999,-0.73%,116.31,115.04,1994023,"13:36 ET"
WRB,"W.R. Berkley Corp",71.06,-0.17999999999999,-0.25%,71.26,70.19,222816,"13:36 ET"
WRK,"Westrock Company",41.87,0.21,+0.50%,41.91,40.77,892341,"13:36 ET"
WU,"Western Union Company",27.56,-0.02,-0.07%,27.57,27.25,1882783,"13:36 ET"
WY,"Weyerhaeuser Company",30.67,0.18,+0.59%,30.7,30.26,691734,"13:36 ET"
WYNN,"Wynn Resorts Ltd",138.75,-1.34,-0.96%,139.99,133.5,3515427,"13:36 ET"
XEC,"Cimarex Energy Company",47.73,-0.78,-1.61%,48.09,46.57,1187506,"13:36 ET"
XEL,"XCEL Energy Inc",66.46,0.25,+0.38%,66.69,66.12,549470,"13:36 ET"
XLNX,"Xilinx Inc",101.21,-0.080000000000013,-0.08%,101.58,99.5,1489588,"13:36 ET"
XOM,"Exxon Mobil Corp",66.57,-0.62,-0.92%,66.71,66.05,11232553,"13:36 ET"
XRAY,"Dentsply Sirona Inc",59.38,-1.33,-2.19%,60.64,59.19,380695,"13:36 ET"
XRX,"Xerox Corp",36.27,-0.049999999999997,-0.14%,36.32,35.75,616988,"13:36 ET"
XYL,"Xylem Inc",82.06,-0.14999999999999,-0.18%,82.19,81.33,583416,"13:36 ET"
YUM,"Yum! Brands",105.77,-0.72,-0.68%,106.08,105.12,871745,"13:51 ET"
ZBH,"Zimmer Biomet Holdings",149.78,-1.2,-0.79%,150.95,149.22,295240,"13:51 ET"
ZBRA,"Zebra Technologies",255.11,1.36,+0.54%,256.13,251.49,173328,"13:49 ET"
ZION,"Zions Bancorp",47.82,-0.020000000000003,-0.04%,47.87,47.25,1342255,"13:51 ET"
ZTS,"Zoetis Inc Cl A",138.1,-3.4,-2.40%,141.77,137.52,903980,"13:51 ET"
"Downloaded from Barchart.com as of 01-23-2020 12:51pm CST"
